Year,Mo,Dy,Hr,Mn,Sec,Tsu,Vol,Location Name,Latitude,Longitude,Focal Depth (km),Mag,MMI Int,Deaths,Death Description,Missing,Missing Description,Injuries,Injuries Description,Damage ($Mil),Damage Description,Houses Destroyed,Houses Destroyed Description,Houses Damaged,Houses Damaged Description,Total Deaths,Total Death Description,Total Missing,Total Missing Description,Total Injuries,Total Injuries Description,Total Damage ($Mil),Total Damage Description,Total Houses Destroyed,Total Houses Destroyed Description,Total Houses Damaged,Total Houses Damaged Description,Era,Decade,Century,Country,Label Name
1900.0,12.0,25.0,5.0,9.0,0.0,,,RUSSIA:  KURIL ISLANDS,43.0,146.0,40.0,7.9,9.0,,,,,,,,,,,,,,,,,,,,,,,,,BC,190,20,RUSSIA,"Year: 1900 
  Location: RUSSIA:  KURIL ISLANDS"
1901.0,8.0,9.0,18.0,33.0,45.0,1282.0,,JAPAN:  OFF NORTHEAST COAST HONSHU,40.6,142.3,33.0,8.2,,18.0,1.0,,,,,,2.0,8.0,1.0,,,18.0,1.0,,,,,,2.0,8.0,1.0,,,BC,190,20,JAPAN,"Year: 1901 
  Location: JAPAN:  OFF NORTHEAST COAST HONSHU"
1902.0,9.0,22.0,1.0,46.0,30.0,,,GUAM:  AGANA,18.0,146.0,33.0,8.1,9.0,,,,,,1.0,,3.0,,,,,,,,,,1.0,,3.0,,,,,BC,190,20,GUAM,"Year: 1902 
  Location: GUAM:  AGANA"
1903.0,1.0,4.0,5.0,7.0,0.0,,,TONGA ISLANDS,-20.0,-175.0,400.0,8.0,,,,,,,,,,,,,,,,,,,,,,,,,,BC,190,20,TONGA ISLANDS,"Year: 1903 
  Location: TONGA ISLANDS"
1904.0,6.0,25.0,14.0,45.0,36.0,1312.0,,RUSSIA:  OFF KAMCHATKA,52.0,159.0,30.0,8.3,10.0,,,,,,,,1.0,,,,,,,,,,,,1.0,,,,,BC,190,20,RUSSIA,"Year: 1904 
  Location: RUSSIA:  OFF KAMCHATKA"
1905.0,1.0,22.0,2.0,43.0,54.0,,,INDONESIA:  MINAHASSA PENINSULA,1.0,123.0,90.0,8.4,,,,,,,,,,,,,,,,,,,,,,,,,,BC,190,20,INDONESIA,"Year: 1905 
  Location: INDONESIA:  MINAHASSA PENINSULA"
1906.0,1.0,31.0,15.0,35.0,51.0,1331.0,,ECUADOR:  OFF COAST,1.0,-81.5,25.0,8.6,9.0,1000.0,3.0,,,,,,2.0,,3.0,,,1000.0,3.0,,,,,,3.0,,3.0,,,BC,190,20,ECUADOR,"Year: 1906 
  Location: ECUADOR:  OFF COAST"
1907.0,4.0,15.0,6.0,8.0,6.0,1353.0,,MEXICO:  GUERRERO,17.0,-100.0,60.0,8.3,,8.0,1.0,,,,,,2.0,,3.0,,,8.0,1.0,,,,,,2.0,,3.0,,,BC,190,20,MEXICO,"Year: 1907 
  Location: MEXICO:  GUERRERO"
1908.0,3.0,26.0,23.0,3.0,30.0,,,MEXICO:  GUERRERO,18.0,-99.0,80.0,8.1,,,,,,,,,2.0,,,,,,,,,,,,2.0,,,,,BC,190,20,MEXICO,"Year: 1908 
  Location: MEXICO:  GUERRERO"
1909.0,7.0,7.0,21.0,37.0,50.0,,,AFGHANISTAN:  HINDU-KUSH,36.5,70.5,230.0,8.1,7.0,,,,,,,,,,,,,,,,,,,,,,,,,BC,190,20,AFGHANISTAN,"Year: 1909 
  Location: AFGHANISTAN:  HINDU-KUSH"
1910.0,11.0,26.0,4.0,39.0,0.0,,,SOLOMON ISLANDS,-8.0,167.0,33.0,8.0,,,,,,,,,,,,,,,,,,,,,,,,,,BC,191,20,SOLOMON ISLANDS,"Year: 1910 
  Location: SOLOMON ISLANDS"
1911.0,6.0,15.0,14.0,26.0,,1396.0,,JAPAN:  RYUKYU ISLANDS,28.0,130.0,160.0,8.0,,12.0,1.0,,,,,,3.0,422.0,3.0,,,12.0,1.0,,,,,,3.0,422.0,3.0,,,BC,191,20,JAPAN,"Year: 1911 
  Location: JAPAN:  RYUKYU ISLANDS"
1912.0,5.0,23.0,2.0,24.0,6.0,,,"MYANMAR (BURMA):  MANDALAY, MOGOK, MAYMYO",21.0,97.0,25.0,8.0,9.0,,1.0,,,,,,3.0,,,,,,,,,,,,,,,,,BC,191,20,MYANMAR (BURMA),"Year: 1912 
  Location: MYANMAR (BURMA):  MANDALAY, MOGOK, MAYMYO"
1913.0,10.0,14.0,8.0,8.0,48.0,,,VANUATU ISLANDS,-19.5,169.0,230.0,8.1,,,,,,,,,,,,,,,,,,,,,,,,,,BC,191,20,VANUATU ISLANDS,"Year: 1913 
  Location: VANUATU ISLANDS"
1914.0,5.0,26.0,14.0,22.0,47.7,1416.0,,INDONESIA:  NEW GUINEA:  IRIAN JAYA:  JAPEN,-1.829,136.94299999999998,15.0,8.1,9.0,,3.0,,,,,,2.0,,3.0,,,,3.0,,,,,,2.0,,3.0,,,BC,191,20,INDONESIA,"Year: 1914 
  Location: INDONESIA:  NEW GUINEA:  IRIAN JAYA:  JAPEN"
1915.0,5.0,1.0,5.0,0.0,0.0,,,RUSSIA:  KURIL ISLANDS,47.0,155.0,25.0,8.1,,,,,,,,,,,,,,,,,,,,,,,,,,BC,191,20,RUSSIA,"Year: 1915 
  Location: RUSSIA:  KURIL ISLANDS"
1916.0,1.0,13.0,6.0,18.0,16.0,,,INDONESIA:  NEW GUINEA:  IRIAN JAYA,-3.0,136.0,30.0,8.1,,,,,,,,,,,,,,,,,,,,,,,,,,BC,191,20,INDONESIA,"Year: 1916 
  Location: INDONESIA:  NEW GUINEA:  IRIAN JAYA"
1917.0,6.0,26.0,5.0,49.0,42.0,1446.0,,SAMOA ISLANDS,-15.5,-173.0,25.0,8.3,,,,,,,,,1.0,,,,,2.0,1.0,,,,,,2.0,,3.0,,,BC,191,20,SAMOA ISLANDS,"Year: 1917 
  Location: SAMOA ISLANDS"
1918.0,8.0,15.0,12.0,18.0,12.0,1456.0,,PHILIPPINES:  MINDANAO:  COTABATO,5.5,123.0,33.0,8.3,10.0,46.0,1.0,,,,,,3.0,,,,,52.0,2.0,,,,,,3.0,,,,,BC,191,20,PHILIPPINES,"Year: 1918 
  Location: PHILIPPINES:  MINDANAO:  COTABATO"
1919.0,1.0,1.0,2.0,59.0,57.0,1464.0,,FIJI ISLANDS,-19.5,-176.5,180.0,8.3,,,,,,,,,,,,,,,,,,,,,,,,,,BC,191,20,FIJI ISLANDS,"Year: 1919 
  Location: FIJI ISLANDS"
1920.0,12.0,16.0,12.0,5.0,54.7,3541.0,,"CHINA:  GANSU PROVINCE, SHANXI PROVINCE",36.601,105.31700000000001,25.0,8.3,12.0,200000.0,4.0,,,,,25.0,4.0,,,,,200000.0,4.0,,,,,25.0,4.0,,,,,BC,192,20,CHINA,"Year: 1920 
  Location: CHINA:  GANSU PROVINCE, SHANXI PROVINCE"
1921.0,11.0,15.0,20.0,36.0,0.0,,,AFGHANISTAN:  HINDU KUSH,36.5,70.5,215.0,7.8,,,,,,,,,,,,,,,,,,,,,,,,,,BC,192,20,AFGHANISTAN,"Year: 1921 
  Location: AFGHANISTAN:  HINDU KUSH"
1922.0,11.0,11.0,4.0,32.0,36.0,1505.0,,CHILE:  ATACAMA,-28.553,-70.755,35.0,8.7,11.0,500.0,3.0,,,,,,3.0,,3.0,,,700.0,3.0,,,,,,3.0,,3.0,,,BC,192,20,CHILE,"Year: 1922 
  Location: CHILE:  ATACAMA"
1923.0,2.0,3.0,16.0,1.0,41.0,1508.0,,RUSSIA:  KAMCHATKA,54.0,161.0,19.0,8.3,11.0,,,,,,,,1.0,,1.0,,,3.0,1.0,,,,,1.5,2.0,,2.0,,,BC,192,20,RUSSIA,"Year: 1923 
  Location: RUSSIA:  KAMCHATKA"
1924.0,4.0,14.0,16.0,20.0,23.0,1536.0,,"PHILIPPINES: E MINDANAO: MATI,SURIGA",6.5,126.5,33.0,8.3,9.0,,,,,,,,3.0,,3.0,,,,,,,,,,3.0,,3.0,,,BC,192,20,PHILIPPINES,"Year: 1924 
  Location: PHILIPPINES: E MINDANAO: MATI,SURIGA"
1925.0,3.0,22.0,8.0,41.0,0.0,,,VANUATU ISLANDS,-18.5,168.5,50.0,7.6,,,,,,,,,,,,,,,,,,,,,,,,,,BC,192,20,VANUATU ISLANDS,"Year: 1925 
  Location: VANUATU ISLANDS"
1926.0,6.0,26.0,19.0,46.0,34.0,,,GREECE:  RHODES ISLAND; LOWER EGYPT,36.5,27.5,100.0,7.9,11.0,,2.0,,,,,,3.0,,,,,,2.0,,,,,,3.0,,,,,BC,192,20,GREECE,"Year: 1926 
  Location: GREECE:  RHODES ISLAND; LOWER EGYPT"
1927.0,5.0,22.0,22.0,32.0,42.0,,,CHINA:  GANSU PROVINCE,36.75,102.0,27.0,7.6,11.0,40912.0,4.0,,,524.0,3.0,,4.0,26674.0,4.0,,,40912.0,4.0,,,524.0,3.0,,4.0,26674.0,4.0,,,BC,192,20,CHINA,"Year: 1927 
  Location: CHINA:  GANSU PROVINCE"
1928.0,3.0,9.0,18.0,5.0,27.0,,,INDIAN OCEAN:  S,-2.5,88.5,33.0,8.1,,,,,,,,,,,,,,,,,,,,,,,,,,BC,192,20,INDIAN OCEAN,"Year: 1928 
  Location: INDIAN OCEAN:  S"
1929.0,3.0,7.0,1.0,34.0,0.0,1613.0,,ALASKA:  ALEUTIAN ISLANDS:  FOX ISLANDS,51.0,-170.0,50.0,7.8,5.0,,,,,,,,,,,,,,,,,,,,,,,,,BC,192,20,ALASKA,"Year: 1929 
  Location: ALASKA:  ALEUTIAN ISLANDS:  FOX ISLANDS"
1930.0,5.0,6.0,22.0,34.0,0.0,,,IRAN:  SALMAS,38.1,44.7,30.0,7.5,,1360.0,4.0,,,,,,,,,,,,,,,,,,,,,,,BC,193,20,IRAN,"Year: 1930 
  Location: IRAN:  SALMAS"
1931.0,8.0,10.0,21.0,18.0,43.0,,,CHINA:  XINJIANG WEIWUER ZIZHIQU PROVINCE:  N,47.1,89.8,25.0,8.0,11.0,10000.0,4.0,,,,,,4.0,,4.0,,,10000.0,4.0,,,,,,4.0,,4.0,,,BC,193,20,CHINA,"Year: 1931 
  Location: CHINA:  XINJIANG WEIWUER ZIZHIQU PROVINCE:  N"
1932.0,6.0,3.0,10.0,36.0,58.9,1649.0,,MEXICO:  NEAR COAST OF JALISCO,19.623,-103.919,35.0,8.1,10.0,400.0,3.0,,,120.0,3.0,,3.0,,3.0,,,400.0,3.0,,,120.0,3.0,,3.0,,3.0,,,BC,193,20,MEXICO,"Year: 1932 
  Location: MEXICO:  NEAR COAST OF JALISCO"
1933.0,3.0,2.0,17.0,31.0,0.9,1661.0,,JAPAN:  SANRIKU,39.224000000000004,144.622,35.0,8.4,,,,,,,,,,,3.0,,,3022.0,4.0,,,,,,4.0,6000.0,4.0,,,BC,193,20,JAPAN,"Year: 1933 
  Location: JAPAN:  SANRIKU"
1934.0,1.0,15.0,8.0,43.0,25.0,1668.0,,NEPAL; INDIA:  BIHAR,26.773000000000003,86.762,35.0,8.0,11.0,10600.0,4.0,,,,,,4.0,,4.0,,4.0,10600.0,4.0,,,,,,4.0,,4.0,,,BC,193,20,NEPAL; INDIA,"Year: 1934 
  Location: NEPAL; INDIA:  BIHAR"
1935.0,12.0,28.0,2.0,35.0,22.0,1689.0,,"INDONESIA:  N SUMATERA:  BATU I,PADANG,SIBOLGA",0.0,98.25,33.0,7.9,8.0,,,,,,1.0,,2.0,,2.0,,,,,,,,1.0,,2.0,,2.0,,,BC,193,20,INDONESIA,"Year: 1935 
  Location: INDONESIA:  N SUMATERA:  BATU I,PADANG,SIBOLGA"
1936.0,4.0,1.0,2.0,9.0,15.0,1690.0,,INDONESIA:  TALAUD ISLANDS,4.5,126.5,60.0,7.7,9.0,,,,,3.0,1.0,,2.0,169.0,3.0,,,,,,,3.0,1.0,,2.0,169.0,3.0,,,BC,193,20,INDONESIA,"Year: 1936 
  Location: INDONESIA:  TALAUD ISLANDS"
1937.0,4.0,16.0,3.0,1.0,37.0,,,FIJI ISLANDS,-21.5,-177.0,400.0,8.1,,,,,,,,,,,,,,,,,,,,,,,,,,BC,193,20,FIJI ISLANDS,"Year: 1937 
  Location: FIJI ISLANDS"
1938.0,2.0,1.0,19.0,4.0,18.0,1704.0,,INDONESIA:  NEW GUINEA,-5.25,130.5,25.0,8.5,,,,,,,,,,,,,,,,,,,,,2.0,24.0,1.0,8.0,1.0,BC,193,20,INDONESIA,"Year: 1938 
  Location: INDONESIA:  NEW GUINEA"
1939.0,1.0,25.0,3.0,32.0,14.0,1729.0,,CHILE:  CHILLAN,-36.25,-72.25,60.0,8.3,10.0,30000.0,4.0,,,,,920.0,4.0,,4.0,,,30000.0,4.0,,,,,920.0,4.0,,4.0,,,BC,193,20,CHILE,"Year: 1939 
  Location: CHILE:  CHILLAN"
1940.0,5.0,24.0,16.0,33.0,57.0,1739.0,,PERU,-10.5,-77.0,60.0,8.2,10.0,179.0,3.0,,,3500.0,4.0,,3.0,,3.0,,,179.0,3.0,,,3500.0,4.0,,3.0,,3.0,,,BC,194,20,PERU,"Year: 1940 
  Location: PERU"
1941.0,6.0,26.0,11.0,52.0,3.7,1746.0,,"INDIA:  ANDAMAN ISLANDS,MADRAS; SRI LANKA:  COLOMBO",11.94,92.626,20.0,8.0,,,1.0,,,,1.0,,4.0,,4.0,,,,1.0,,,,1.0,,4.0,,4.0,,,BC,194,20,INDIA,"Year: 1941 
  Location: INDIA:  ANDAMAN ISLANDS,MADRAS; SRI LANKA:  COLOMBO"
1942.0,8.0,24.0,22.0,50.0,27.0,1751.0,,"PERU:  ICA, NAZCA",-15.0,-76.0,60.0,8.2,9.0,30.0,1.0,,,25.0,1.0,,3.0,,3.0,,,30.0,1.0,,,25.0,1.0,,3.0,,3.0,,,BC,194,20,PERU,"Year: 1942 
  Location: PERU:  ICA, NAZCA"
1943.0,4.0,6.0,16.0,7.0,15.0,1752.0,,CHILE:  ILLAPEL,-30.75,-72.0,35.0,8.2,,11.0,1.0,,,,,,1.0,,1.0,,,11.0,1.0,,,,,,1.0,,1.0,,,BC,194,20,CHILE,"Year: 1943 
  Location: CHILE:  ILLAPEL"
1944.0,12.0,7.0,4.0,35.0,,1756.0,,JAPAN:  OFF SOUTHEAST COAST KII PENINSULA,34.0,137.1,30.0,8.1,,1223.0,4.0,,,2135.0,4.0,,3.0,26146.0,4.0,,,1223.0,4.0,,,2135.0,4.0,,3.0,29205.0,4.0,46950.0,4.0,BC,194,20,JAPAN,"Year: 1944 
  Location: JAPAN:  OFF SOUTHEAST COAST KII PENINSULA"
1945.0,11.0,27.0,21.0,56.0,50.0,1761.0,,PAKISTAN:  MAKRAN COAST,24.5,63.0,15.0,8.0,10.0,4000.0,4.0,,,,,25.0,4.0,,,,,4000.0,4.0,,,,,25.0,4.0,,,,,BC,194,20,PAKISTAN,"Year: 1945 
  Location: PAKISTAN:  MAKRAN COAST"
1946.0,4.0,1.0,12.0,29.0,1.3,1762.0,,ALASKA:  UNIMAK ISLAND,53.492,-162.832,15.0,8.6,6.0,,,,,,,,,,,,,167.0,3.0,,,,,26.271,4.0,,3.0,,,BC,194,20,ALASKA,"Year: 1946 
  Location: ALASKA:  UNIMAK ISLAND"
1947.0,7.0,29.0,13.0,43.0,22.0,,,INDIA-CHINA,28.5,94.0,60.0,7.9,,,,,,,,,,,,,,,,,,,,,,,,,,BC,194,20,INDIA-CHINA,"Year: 1947 
  Location: INDIA-CHINA"
1948.0,1.0,24.0,17.0,46.0,40.0,1777.0,,"PHILIPPINES:  PANAY, ILOILO CITY, ANTIQUE",10.5,122.0,33.0,8.3,9.0,72.0,2.0,,,,,3.5,2.0,,3.0,,3.0,74.0,2.0,,,,,3.5,2.0,,3.0,,3.0,BC,194,20,PHILIPPINES,"Year: 1948 
  Location: PHILIPPINES:  PANAY, ILOILO CITY, ANTIQUE"
1949.0,8.0,22.0,4.0,1.0,12.2,1795.0,,CANADA:  QUEEN CHARLOTTE ISLANDS,53.62,-133.27,25.0,8.1,,,,,,,,,,,,,,,,,,,,,,,,,,BC,194,20,CANADA,"Year: 1949 
  Location: CANADA:  QUEEN CHARLOTTE ISLANDS"
1950.0,8.0,15.0,14.0,9.0,30.0,1806.0,,INDIA-CHINA,28.5,96.5,33.0,8.6,11.0,1530.0,4.0,,,,,20.0,3.0,,,,,1530.0,4.0,,,,,20.0,3.0,,,,,BC,195,20,INDIA-CHINA,"Year: 1950 
  Location: INDIA-CHINA"
1951.0,5.0,16.0,13.0,23.0,0.0,,,PERU,-15.0,-69.5,250.0,7.9,,,,,,,,,,,,,,,,,,,,,,,,,,BC,195,20,PERU,"Year: 1951 
  Location: PERU"
1952.0,11.0,4.0,16.0,58.0,27.9,1829.0,,RUSSIA:  KAMCHATKA PENINSULA,52.755,160.05700000000002,22.0,9.0,7.0,,1.0,,,,,,,,,,,10000.0,4.0,,,,,,3.0,,,,,BC,195,20,RUSSIA,"Year: 1952 
  Location: RUSSIA:  KAMCHATKA PENINSULA"
1953.0,5.0,6.0,17.0,16.0,43.0,1836.0,,"CHILE:  CHILLAN, CONCEPCION",-36.5,-72.5,60.0,7.6,10.0,9.0,1.0,,,26.0,1.0,500.0,4.0,,,,,9.0,1.0,,,26.0,1.0,500.0,4.0,,,,,BC,195,20,CHILE,"Year: 1953 
  Location: CHILE:  CHILLAN, CONCEPCION"
1954.0,3.0,21.0,23.0,42.0,11.0,,,"MYANMAR; INDIA:  CALCUTTA, CUTTACK, BHAGALPUR",24.5,95.3,180.0,7.4,,,,,,,,,2.0,,,,,,,,,,,,2.0,,,,,BC,195,20,MYANMAR; INDIA,"Year: 1954 
  Location: MYANMAR; INDIA:  CALCUTTA, CUTTACK, BHAGALPUR"
1955.0,2.0,27.0,20.0,43.0,0.0,,,KERMADEC ISLANDS,-28.0,-175.5,60.0,7.8,,,,,,,,,,,,,,,,,,,,,,,,,,BC,195,20,KERMADEC ISLANDS,"Year: 1955 
  Location: KERMADEC ISLANDS"
1956.0,7.0,9.0,3.0,11.0,39.0,1859.0,,GREECE:  DODECANESE,36.9,26.0,20.0,7.8,9.0,53.0,2.0,,,,,,3.0,,,,,56.0,2.0,,,,,,3.0,,,,,BC,195,20,GREECE,"Year: 1956 
  Location: GREECE:  DODECANESE"
1957.0,3.0,9.0,14.0,22.0,31.9,1867.0,3117.0,ALASKA,51.292,-175.62900000000002,33.0,8.6,,,,,,,,,1.0,,,,,2.0,1.0,,,1.0,1.0,,3.0,,,,,BC,195,20,ALASKA,"Year: 1957 
  Location: ALASKA"
1958.0,11.0,6.0,22.0,58.0,8.6,1884.0,,RUSSIA:  KURIL ISLANDS,44.53,148.54,40.0,8.3,10.0,,,,,,,,2.0,,,,,,,,,,,,,,,,,BC,195,20,RUSSIA,"Year: 1958 
  Location: RUSSIA:  KURIL ISLANDS"
1959.0,5.0,4.0,7.0,15.0,42.0,1890.0,,RUSSIA:  NEAR EAST COAST OF KAMCHATKA,52.5,159.5,60.0,8.2,10.0,1.0,1.0,,,13.0,1.0,,2.0,,2.0,,,1.0,1.0,,,13.0,1.0,,2.0,,2.0,,,BC,195,20,RUSSIA,"Year: 1959 
  Location: RUSSIA:  NEAR EAST COAST OF KAMCHATKA"
1960.0,5.0,22.0,19.0,11.0,17.0,1902.0,4153.0,"CHILE:  PUERTO MONTT, VALDIVIA",-38.143,-73.407,33.0,9.5,12.0,2000.0,4.0,,,3000.0,4.0,1000.0,4.0,58622.0,4.0,,,2226.0,4.0,,,3000.0,4.0,1000.0,4.0,58622.0,4.0,,,BC,196,20,CHILE,"Year: 1960 
  Location: CHILE:  PUERTO MONTT, VALDIVIA"
1961.0,9.0,8.0,11.0,26.0,32.3,,,SOUTH SANDWICH ISLANDS,-56.26,-27.283,105.0,7.7,,,,,,,,,,,,,,,,,,,,,,,,,,BC,196,20,SOUTH SANDWICH ISLANDS,"Year: 1961 
  Location: SOUTH SANDWICH ISLANDS"
1962.0,7.0,26.0,8.0,14.0,41.8,,,PANAMA,7.5,-82.0,21.0,7.4,,,,,,,,,2.0,,,,,,,,,,,,,,,,,BC,196,20,PANAMA,"Year: 1962 
  Location: PANAMA"
1963.0,10.0,13.0,5.0,17.0,53.4,1947.0,,RUSSIA:  KURIL ISLANDS,44.77,149.798,13.0,8.5,9.0,,,,,,,,1.0,,,,,,,,,,,,1.0,,,,,BC,196,20,RUSSIA,"Year: 1963 
  Location: RUSSIA:  KURIL ISLANDS"
1964.0,3.0,28.0,3.0,36.0,0.0,1954.0,,ALASKA,61.016999999999996,-147.648,33.0,9.2,10.0,15.0,1.0,,,,,284.0,4.0,,3.0,,,139.0,3.0,,,,,400.0,4.0,,3.0,,,BC,196,20,ALASKA,"Year: 1964 
  Location: ALASKA"
1965.0,2.0,4.0,5.0,1.0,21.6,1964.0,,ALASKA:  ALEUTIAN ISLANDS:  RAT ISLANDS,51.29,178.55,36.0,8.7,6.0,,,,,,,,1.0,,,,,,,,,,,0.01,1.0,,,,,BC,196,20,ALASKA,"Year: 1965 
  Location: ALASKA:  ALEUTIAN ISLANDS:  RAT ISLANDS"
1966.0,10.0,17.0,21.0,41.0,56.0,1982.0,,"PERU:  LIMA,HUACHO,HUAURA, CHANCAY,SUPE,SAN NICOLAS",-10.748,-78.638,38.0,8.1,9.0,110.0,3.0,,,3000.0,4.0,35.0,4.0,,,,,110.0,3.0,,,3000.0,4.0,35.0,4.0,,,,,BC,196,20,PERU,"Year: 1966 
  Location: PERU:  LIMA,HUACHO,HUAURA, CHANCAY,SUPE,SAN NICOLAS"
1967.0,1.0,5.0,0.0,14.0,0.0,,,MONGOLIA,48.1,102.8,35.0,7.5,10.0,,,,,,,,1.0,,,,,,,,,,,,,,,,,BC,196,20,MONGOLIA,"Year: 1967 
  Location: MONGOLIA"
1968.0,5.0,16.0,0.0,48.0,55.4,2000.0,,JAPAN:  OFF EAST COAST OF HONSHU ISLAND,40.8,143.2,7.0,8.2,6.0,52.0,2.0,,,330.0,3.0,,3.0,689.0,3.0,,,52.0,2.0,,,330.0,3.0,131.0,4.0,1218.0,4.0,,,BC,196,20,JAPAN,"Year: 1968 
  Location: JAPAN:  OFF EAST COAST OF HONSHU ISLAND"
1969.0,8.0,11.0,21.0,26.0,36.0,2015.0,,"RUSSIA:  SHIKOTAN ISLAND, KURILSKIYE",43.6,147.9,30.0,8.2,9.0,,,,,,,,2.0,,,,,,,,,,,,2.0,,,,,BC,196,20,RUSSIA,"Year: 1969 
  Location: RUSSIA:  SHIKOTAN ISLAND, KURILSKIYE"
1970.0,5.0,31.0,20.0,23.0,27.3,2021.0,,"PERU: NORTHERN, PISCO, CHICLAYO",-9.2,-78.8,43.0,7.9,10.0,66794.0,4.0,,,50000.0,4.0,530.0,4.0,,3.0,,3.0,66794.0,4.0,,,50000.0,4.0,530.0,4.0,,3.0,,,BC,197,20,PERU,"Year: 1970 
  Location: PERU: NORTHERN, PISCO, CHICLAYO"
1971.0,1.0,10.0,7.0,17.0,3.7,,,"INDONESIA:  NEW GUINEA: IRIAN JAYA:DJAJAPURA,SENTANI",-3.1,139.7,34.0,8.1,9.0,,,,,,,,2.0,,1.0,,2.0,,,,,,,,2.0,,1.0,,2.0,BC,197,20,INDONESIA,"Year: 1971 
  Location: INDONESIA:  NEW GUINEA: IRIAN JAYA:DJAJAPURA,SENTANI"
1972.0,6.0,11.0,16.0,41.0,0.9,,,INDONESIA:  CELEBES SEA,3.9,124.3,325.0,7.8,,,,,,,,,,,,,,,,,,,,,,,,,,BC,197,20,INDONESIA,"Year: 1972 
  Location: INDONESIA:  CELEBES SEA"
1973.0,6.0,17.0,3.0,55.0,2.9,2060.0,,JAPAN:  HOKKAIDO ISLAND,43.2,145.8,48.0,7.7,8.0,,,,,27.0,1.0,5.0,2.0,2.0,1.0,,,27.0,1.0,,,,,5.0,2.0,2.0,1.0,,,BC,197,20,JAPAN,"Year: 1973 
  Location: JAPAN:  HOKKAIDO ISLAND"
1974.0,10.0,3.0,14.0,21.0,29.1,2068.0,,"PERU:  LIMA, CALLAO",-12.27,-77.79,13.0,8.1,9.0,78.0,2.0,,,2414.0,4.0,10.0,3.0,,3.0,,,78.0,2.0,,,2414.0,4.0,10.0,3.0,,3.0,,,BC,197,20,PERU,"Year: 1974 
  Location: PERU:  LIMA, CALLAO"
1975.0,7.0,20.0,14.0,37.0,39.9,2076.0,,PAPUA NEW GUINEA:  BISMARCK SEA: BOUGAINVILLE,-6.59,155.054,49.0,7.9,8.0,,,,,,,,3.0,,2.0,,,,,,,,,,3.0,,2.0,,,BC,197,20,PAPUA NEW GUINEA,"Year: 1975 
  Location: PAPUA NEW GUINEA:  BISMARCK SEA: BOUGAINVILLE"
1976.0,1.0,14.0,16.0,47.0,33.5,2083.0,,KERMADEC ISLANDS,-28.427,-177.657,33.0,8.0,,,,,,,,,1.0,,,,,,,,,,,,,,,,,BC,197,20,KERMADEC ISLANDS,"Year: 1976 
  Location: KERMADEC ISLANDS"
1977.0,4.0,21.0,4.0,24.0,9.6,2090.0,,SOLOMON ISLANDS,-9.965,160.731,33.0,8.1,7.0,18.0,1.0,,,1.0,1.0,,3.0,,,,,18.0,1.0,,,1.0,1.0,,3.0,,,,,BC,197,20,SOLOMON ISLANDS,"Year: 1977 
  Location: SOLOMON ISLANDS"
1978.0,9.0,16.0,15.0,35.0,56.6,,,IRAN:  TABAS,33.385999999999996,57.434,33.0,7.8,,20000.0,4.0,,,,,50.0,4.0,,4.0,,,20000.0,4.0,,,,,50.0,4.0,,4.0,,,BC,197,20,IRAN,"Year: 1978 
  Location: IRAN:  TABAS"
1979.0,9.0,12.0,5.0,17.0,51.4,2119.0,,INDONESIA:  NEW GUINEA:  IRIAN JAYA,-1.679,136.04,5.0,7.9,,15.0,1.0,,,,3.0,,3.0,1000.0,3.0,,,115.0,3.0,,,,3.0,,3.0,1000.0,3.0,,,BC,197,20,INDONESIA,"Year: 1979 
  Location: INDONESIA:  NEW GUINEA:  IRIAN JAYA"
1980.0,7.0,17.0,19.0,42.0,23.2,2125.0,,SOLOMON ISLANDS:  SANTA CRUZ ISLANDS; VANUATU,-12.525,165.916,33.0,7.9,,,,,,,,,,,,,,,,,,,,,,,,,,BC,198,20,SOLOMON ISLANDS,"Year: 1980 
  Location: SOLOMON ISLANDS:  SANTA CRUZ ISLANDS; VANUATU"
1981.0,9.0,1.0,9.0,29.0,31.5,2131.0,,SAMOA:  APIA; AMERICAN SAMOA:  PAGO PAGO,-14.96,-173.085,25.0,7.7,6.0,,,,,,,,,,,,,,1.0,,,,,,1.0,,1.0,,,BC,198,20,SAMOA,"Year: 1981 
  Location: SAMOA:  APIA; AMERICAN SAMOA:  PAGO PAGO"
1982.0,12.0,19.0,17.0,43.0,54.8,2137.0,,TONGA TRENCH,-24.133000000000003,-175.864,33.0,7.7,,,,,,,,,,,,,,,,,,,,,,,,,,BC,198,20,TONGA TRENCH,"Year: 1982 
  Location: TONGA TRENCH"
1983.0,5.0,26.0,2.0,59.0,59.6,2142.0,,JAPAN:  HONSHU:  AKITA,40.461999999999996,139.102,24.0,7.7,8.0,4.0,1.0,,,324.0,3.0,800.0,4.0,,,,,104.0,3.0,,,324.0,3.0,800.0,4.0,,,,,BC,198,20,JAPAN,"Year: 1983 
  Location: JAPAN:  HONSHU:  AKITA"
1984.0,2.0,7.0,21.0,33.0,21.4,,,SOLOMON ISLANDS:  GUADALCANAL,-10.012,160.469,18.0,7.5,6.0,,,,,,,,2.0,,,,,,,,,,,,2.0,,,,,BC,198,20,SOLOMON ISLANDS,"Year: 1984 
  Location: SOLOMON ISLANDS:  GUADALCANAL"
1985.0,9.0,19.0,13.0,17.0,47.3,2162.0,,MEXICO:  MICHOACAN:  MEXICO CITY,18.19,-102.53299999999999,28.0,8.1,9.0,9500.0,4.0,,,30000.0,4.0,4000.0,4.0,,4.0,,,9500.0,4.0,,,30000.0,4.0,4000.0,4.0,,4.0,,,BC,198,20,MEXICO,"Year: 1985 
  Location: MEXICO:  MICHOACAN:  MEXICO CITY"
1986.0,10.0,20.0,6.0,46.0,9.9,2166.0,,KERMADEC ISLANDS:  RAOUL,-28.116999999999997,-176.36700000000002,29.0,8.1,,,,,,,,,1.0,,,,,,,,,,,,1.0,,,,,BC,198,20,KERMADEC ISLANDS,"Year: 1986 
  Location: KERMADEC ISLANDS:  RAOUL"
1987.0,11.0,30.0,19.0,23.0,19.5,2179.0,,ALASKA:  YAKUTAT,58.678999999999995,-142.786,10.0,7.9,6.0,,,,,,,,1.0,,,,,,,,,,,,1.0,,,,,BC,198,20,ALASKA,"Year: 1987 
  Location: ALASKA:  YAKUTAT"
1988.0,3.0,6.0,22.0,35.0,36.9,2181.0,,ALASKA:  GULF OF ALASKA:  ANCHORAGE,57.262,-142.747,15.0,7.8,5.0,,,,,,,,1.0,,,,,,,,,,,,1.0,,,,,BC,198,20,ALASKA,"Year: 1988 
  Location: ALASKA:  GULF OF ALASKA:  ANCHORAGE"
1989.0,5.0,23.0,10.0,54.0,46.3,2185.0,,MACQUARIE ISLAND:  MACQUARIE STATION; NEW ZEALAND,-52.341,160.56799999999998,10.0,8.2,7.0,,,,,,,,1.0,,,,,,,,,,,,,,,,,BC,198,20,MACQUARIE ISLAND,"Year: 1989 
  Location: MACQUARIE ISLAND:  MACQUARIE STATION; NEW ZEALAND"
1990.0,7.0,16.0,7.0,26.0,34.6,,,"PHILIPPINES:  BAGUIO,  CABANATUAN, DAGUPAN",15.679,121.17200000000001,25.0,7.8,9.0,2412.0,4.0,,,3000.0,4.0,369.6,4.0,,,,,2412.0,4.0,,,3000.0,4.0,369.6,4.0,,,,,BC,199,20,PHILIPPINES,"Year: 1990 
  Location: PHILIPPINES:  BAGUIO,  CABANATUAN, DAGUPAN"
1991.0,4.0,22.0,21.0,56.0,51.8,2202.0,,"COSTA RICA:  LIMON, PANDORA;  PANAMA",9.685,-83.073,10.0,7.6,10.0,87.0,2.0,,,895.0,3.0,510.0,4.0,,3.0,,,90.0,2.0,,,895.0,3.0,510.0,4.0,,3.0,,,BC,199,20,COSTA RICA,"Year: 1991 
  Location: COSTA RICA:  LIMON, PANDORA;  PANAMA"
1992.0,12.0,12.0,5.0,29.0,26.3,2214.0,,"INDONESIA:  FLORES REGION, MAUMERE, BABI",-8.48,121.896,28.0,7.8,,1000.0,4.0,,,500.0,3.0,100.0,4.0,31785.0,4.0,,,2500.0,4.0,,,2103.0,4.0,100.0,4.0,31785.0,4.0,,,BC,199,20,INDONESIA,"Year: 1992 
  Location: INDONESIA:  FLORES REGION, MAUMERE, BABI"
1993.0,8.0,8.0,8.0,34.0,24.9,2221.0,,"GUAM:  TUMAN BAY, APRA HARBOR",12.982000000000001,144.80100000000002,59.0,7.8,9.0,,,,,48.0,1.0,250.0,4.0,,,,,,,,,48.0,1.0,250.0,4.0,,,,,BC,199,20,GUAM,"Year: 1993 
  Location: GUAM:  TUMAN BAY, APRA HARBOR"
1994.0,10.0,4.0,13.0,22.0,55.8,2230.0,,RUSSIA:  KURIL ISLANDS; JAPAN:  HOKKAIDO,43.773,147.321,14.0,8.3,9.0,11.0,1.0,,,382.0,3.0,,3.0,,,,,11.0,1.0,,,382.0,3.0,,3.0,,,,,BC,199,20,RUSSIA,"Year: 1994 
  Location: RUSSIA:  KURIL ISLANDS; JAPAN:  HOKKAIDO"
1995.0,7.0,30.0,5.0,11.0,23.6,2249.0,,"CHILE:  ANTOFAGASTA, CALAMA, MEJILLONES",-23.34,-70.294,46.0,8.0,7.0,3.0,1.0,,,58.0,2.0,1.66,2.0,115.0,3.0,,,3.0,1.0,,,,,1.791,2.0,115.0,3.0,,,BC,199,20,CHILE,"Year: 1995 
  Location: CHILE:  ANTOFAGASTA, CALAMA, MEJILLONES"
1996.0,2.0,17.0,5.0,59.0,30.5,2260.0,,"INDONESIA:  NEW GUINEA:  IRIAN JAYA:  BIAK, SUPIORI",-0.8909999999999999,136.952,33.0,8.2,,54.0,2.0,,,423.0,3.0,4.2,2.0,5043.0,4.0,,,164.0,3.0,,,423.0,3.0,4.2,2.0,5043.0,4.0,,,BC,199,20,INDONESIA,"Year: 1996 
  Location: INDONESIA:  NEW GUINEA:  IRIAN JAYA:  BIAK, SUPIORI"
1997.0,12.0,5.0,11.0,26.0,54.6,2277.0,,"RUSSIA:  KAMCHATKA:  UST-KAMCHATSK, PETROPAVLOVSK",54.841,162.035,33.0,7.8,7.0,,,,,,,,,,,,,,,,,,,,,,,,,BC,199,20,RUSSIA,"Year: 1997 
  Location: RUSSIA:  KAMCHATKA:  UST-KAMCHATSK, PETROPAVLOVSK"
1998.0,3.0,25.0,3.0,12.0,25.0,2587.0,,BALLENY ISLANDS,-62.876999999999995,149.52700000000002,10.0,8.1,,,,,,,,,,,,,,,,,,,,,,,,,,BC,199,20,BALLENY ISLANDS,"Year: 1998 
  Location: BALLENY ISLANDS"
1999.0,9.0,20.0,17.0,47.0,18.4,,,"TAIWAN:  NANTOU, TAICHUNG, TAIZHONG",23.772,120.98200000000001,33.0,7.7,10.0,2297.0,4.0,,,8700.0,4.0,14000.0,4.0,8200.0,,82000.0,4.0,2297.0,4.0,,,8700.0,4.0,14000.0,4.0,,,82000.0,4.0,BC,199,20,TAIWAN,"Year: 1999 
  Location: TAIWAN:  NANTOU, TAICHUNG, TAIZHONG"
2000.0,11.0,16.0,4.0,54.0,55.9,2352.0,,"PAPUA NEW GUINEA:  NEW IRELAND, DUKE OF YORK",-4.001,152.327,17.0,8.0,,2.0,1.0,,,,,,2.0,,3.0,,,2.0,1.0,,,,,,2.0,,3.0,,,BC,200,21,PAPUA NEW GUINEA,"Year: 2000 
  Location: PAPUA NEW GUINEA:  NEW IRELAND, DUKE OF YORK"
2001.0,6.0,23.0,20.0,33.0,14.1,2373.0,,"PERU:  AREQUIPA, MOQUEGUA, TACNA, AYACUCHO",-16.265,-73.641,33.0,8.4,8.0,77.0,2.0,68.0,2.0,2713.0,4.0,,4.0,22399.0,4.0,,,103.0,3.0,138.0,3.0,2713.0,4.0,200.0,4.0,25399.0,4.0,,,BC,200,21,PERU,"Year: 2001 
  Location: PERU:  AREQUIPA, MOQUEGUA, TACNA, AYACUCHO"
2002.0,11.0,3.0,22.0,12.0,41.0,,,"ALASKA:  SLANA, MENTASTA LAKE, FAIRBANKS",63.516999999999996,-147.444,5.0,7.9,9.0,,,,,1.0,1.0,56.0,4.0,,,,,,,,,1.0,1.0,56.0,4.0,,,,,BC,200,21,ALASKA,"Year: 2002 
  Location: ALASKA:  SLANA, MENTASTA LAKE, FAIRBANKS"
2003.0,9.0,25.0,19.0,50.0,6.3,2406.0,,JAPAN:  HOKKAIDO,41.815,143.91,27.0,8.3,,,,,,849.0,3.0,90.0,4.0,,,,,2.0,1.0,,,849.0,3.0,90.0,4.0,,,,,BC,200,21,JAPAN,"Year: 2003 
  Location: JAPAN:  HOKKAIDO"
2004.0,12.0,26.0,0.0,58.0,53.4,2439.0,,INDONESIA:  SUMATRA:  ACEH:  OFF WEST COAST,3.3160000000000003,95.854,30.0,9.1,,1001.0,4.0,,,,3.0,10000.0,4.0,,3.0,,3.0,227899.0,4.0,,,,3.0,10000.0,4.0,,4.0,,4.0,BC,200,21,INDONESIA,"Year: 2004 
  Location: INDONESIA:  SUMATRA:  ACEH:  OFF WEST COAST"
2005.0,3.0,28.0,16.0,9.0,36.5,2487.0,,INDONESIA:  SUMATERA:  SW,2.085,97.10799999999999,30.0,8.6,,1303.0,4.0,,,340.0,3.0,,4.0,300.0,3.0,300.0,3.0,1313.0,4.0,,,340.0,3.0,,4.0,300.0,3.0,,,BC,200,21,INDONESIA,"Year: 2005 
  Location: INDONESIA:  SUMATERA:  SW"
2006.0,11.0,15.0,11.0,14.0,13.5,3016.0,,RUSSIA:  KURIL ISLANDS,46.592,153.266,10.0,8.3,,,,,,,,,,,,,,,,,,1.0,1.0,,2.0,,,,,BC,200,21,RUSSIA,"Year: 2006 
  Location: RUSSIA:  KURIL ISLANDS"
2007.0,9.0,12.0,11.0,10.0,26.8,3228.0,,INDONESIA:  SUMATRA,-4.438,101.367,34.0,8.4,,25.0,1.0,,,161.0,3.0,,3.0,56425.0,4.0,,4.0,25.0,1.0,,,161.0,3.0,,3.0,56425.0,4.0,,4.0,BC,200,21,INDONESIA,"Year: 2007 
  Location: INDONESIA:  SUMATRA"
2008.0,5.0,12.0,6.0,28.0,1.5,3586.0,,CHINA:  SICHUAN PROVINCE,31.002,103.322,19.0,7.9,9.0,87652.0,4.0,,,374171.0,4.0,86000.0,4.0,5360000.0,4.0,5360000.0,4.0,87652.0,4.0,,,374171.0,4.0,86000.0,4.0,5360000.0,4.0,21000000.0,4.0,BC,200,21,CHINA,"Year: 2008 
  Location: CHINA:  SICHUAN PROVINCE"
2009.0,9.0,29.0,17.0,48.0,10.9,4440.0,,SAMOA ISLANDS,-15.489,-172.095,18.0,8.1,,,,,,,,,,,,,,192.0,3.0,,,7.0,1.0,285.0,4.0,,,,,BC,200,21,SAMOA ISLANDS,"Year: 2009 
  Location: SAMOA ISLANDS"
2010.0,2.0,27.0,6.0,34.0,11.5,4682.0,,"CHILE:  MAULE, CONCEPCION, TALCAHUANO",-36.122,-72.898,23.0,8.8,9.0,402.0,3.0,,,12000.0,4.0,30000.0,4.0,,,500000.0,4.0,558.0,3.0,,,12000.0,4.0,30000.0,4.0,,,500000.0,4.0,BC,201,21,CHILE,"Year: 2010 
  Location: CHILE:  MAULE, CONCEPCION, TALCAHUANO"
2011.0,3.0,11.0,5.0,46.0,24.1,5413.0,,JAPAN:  HONSHU,38.297,142.372,30.0,9.1,,1475.0,4.0,,,6157.0,4.0,4401.709,4.0,2473.0,4.0,5618.0,4.0,18431.0,4.0,,,6157.0,4.0,220085.456,4.0,123661.0,4.0,280920.0,4.0,BC,201,21,JAPAN,"Year: 2011 
  Location: JAPAN:  HONSHU"
2012.0,4.0,11.0,8.0,38.0,36.7,5449.0,,INDONESIA:  N SUMATRA:  OFF WEST COAST,2.327,93.06299999999999,20.0,8.6,,10.0,1.0,,,12.0,1.0,,1.0,,,,2.0,10.0,1.0,,,12.0,1.0,,1.0,,,,2.0,BC,201,21,INDONESIA,"Year: 2012 
  Location: INDONESIA:  N SUMATRA:  OFF WEST COAST"
2013.0,5.0,24.0,5.0,44.0,48.9,,,RUSSIA:  SEVERO KURILSKIYE,54.891999999999996,153.221,598.0,8.3,,,,,,,,,,,,,,,,,,,,,,,,,,BC,201,21,RUSSIA,"Year: 2013 
  Location: RUSSIA:  SEVERO KURILSKIYE"
2014.0,4.0,1.0,23.0,46.0,26.0,5557.0,,"CHILE:  NORTHERN:  IQUIQUE, ALTO HOSPICIO",-19.61,-70.76899999999999,25.0,8.2,8.0,7.0,1.0,,,,,100.0,4.0,,,2600.0,4.0,7.0,1.0,,,,,100.0,4.0,,,2600.0,4.0,BC,201,21,CHILE,"Year: 2014 
  Location: CHILE:  NORTHERN:  IQUIQUE, ALTO HOSPICIO"
2015.0,9.0,16.0,22.0,55.0,26.0,5590.0,,CHILE:  CENTRAL,-31.573,-71.67399999999999,22.0,8.3,9.0,7.0,1.0,1.0,1.0,14.0,1.0,600.0,4.0,2305.0,4.0,10044.0,4.0,15.0,1.0,1.0,1.0,14.0,1.0,600.0,4.0,2305.0,4.0,10044.0,4.0,BC,201,21,CHILE,"Year: 2015 
  Location: CHILE:  CENTRAL"
2016.0,12.0,17.0,10.0,51.0,5.0,5636.0,,PAPUA NEW GUINEA:  NEW BRITAIN NEW IRELAND,-4.505,153.52200000000002,95.0,7.9,7.0,,,,,,,,,,,,,,,,,,,,,,,,,BC,201,21,PAPUA NEW GUINEA,"Year: 2016 
  Location: PAPUA NEW GUINEA:  NEW BRITAIN NEW IRELAND"
2017.0,9.0,8.0,4.0,49.0,2.0,5658.0,,"MEXICO: OAXACA, CHIAPAS, TABASCO; GUATEMALA",14.761,-94.103,46.0,8.2,9.0,98.0,2.0,,,251.0,3.0,4000.0,4.0,47468.0,4.0,94027.0,4.0,98.0,2.0,,,251.0,3.0,4000.0,4.0,47468.0,4.0,94027.0,4.0,BC,201,21,MEXICO,"Year: 2017 
  Location: MEXICO: OAXACA, CHIAPAS, TABASCO; GUATEMALA"
2018.0,8.0,19.0,0.0,19.0,37.0,5686.0,,FIJI ISLANDS,-18.178,-178.111,563.0,8.2,,,,,,,,,,,,,,,,,,,,,,,,,,BC,201,21,FIJI ISLANDS,"Year: 2018 
  Location: FIJI ISLANDS"
2019.0,5.0,26.0,7.0,41.0,14.0,,,"PERU:  LA LIBERTAD, CAJAMARCA; ECUADOR",-5.796,-75.298,110.0,8.0,,2.0,1.0,,,30.0,1.0,,2.0,,3.0,,3.0,2.0,1.0,,,30.0,1.0,,2.0,,3.0,,3.0,BC,201,21,PERU,"Year: 2019 
  Location: PERU:  LA LIBERTAD, CAJAMARCA; ECUADOR"
2020.0,7.0,22.0,6.0,12.0,44.0,5753.0,,ALASKA,55.03,-158.52200000000002,28.0,7.8,8.0,,,,,,,,,,,,,,,,,,,,,,,,,BC,202,21,ALASKA,"Year: 2020 
  Location: ALASKA"
2021.0,1.0,14.0,18.0,28.0,18.0,,,"INDONESIA:  SULAWESI:  MAMUJU, MAJENE",-2.9760000000000004,118.90100000000001,18.0,6.2,9.0,73.0,2.0,,,554.0,3.0,,2.0,,3.0,,3.0,73.0,2.0,,,554.0,3.0,,2.0,,3.0,,3.0,BC,202,21,INDONESIA,"Year: 2021 
  Location: INDONESIA:  SULAWESI:  MAMUJU, MAJENE"
